"Model","ROC_AUC","Accuracy","Sensitivity","Specificity","Precision","F1_Score","Balanced_Accuracy","Cohen_Kappa"
"Model 1",0.65672268907563,0.770114942528736,0.857142857142857,0.411764705882353,0.857142857142857,0.857142857142857,0.634453781512605,0.26890756302521
"Model 2",0.756302521008403,0.793103448275862,0.8,0.764705882352941,0.933333333333333,0.861538461538462,0.782352941176471,0.461855670103093
"Model 3",0.83781512605042,0.804597701149425,0.814285714285714,0.764705882352941,0.934426229508197,0.870229007633588,0.789495798319328,0.48232411620581
